Protein Accessions,HexNAc,PSM
Q9Y6X0,1,3
Q9Y6V0,1,4
Q9Y6R4,1,6
Q9Y6R4,1,6
Q9Y6Q5,1,1
Q9Y6N7,1,1
Q9Y6N1,1,1
Q9Y6F6,1,1
Q9Y6D5,1,2
Q9Y6A5,1,1
Q9Y6A5,1,1
Q9Y692,1,1
Q9Y663,1,1
Q9Y618,1,1
Q9Y618,1,1
Q9Y5Z4,1,2
Q9Y5L3,1,2
Q9Y5K6,1,2
Q9Y5K1,1,1
Q9Y5H4,1,1
Q9Y5B0,1,2
Q9Y566,1,1
Q9Y566,1,1
Q9Y520,1,1
Q9Y519,1,1
Q9Y4Y9,1,1
Q9Y4R8,1,2
Q9Y4K4,1,2
Q9Y4K1,1,1
Q9Y4G8,1,3
Q9Y4G2,1,3
Q9Y4E5,1,1
Q9Y4D8,1,2
Q9Y4D8,1,2
Q9Y4C2,1,1
Q9Y4B5,1,1
Q9Y4B4,1,1
Q9Y4B4,1,1
Q9Y496,1,3
Q9Y467,1,2
Q9Y3R5,1,1
Q9Y2T7,1,60
Q9Y2M5,1,1
Q9Y2L6,1,3
Q9Y2L6,1,3
Q9Y2K2,1,2
Q9Y2J2,1,1
Q9Y2H5,1,1
Q9Y2G4,1,13
Q9Y259,1,4
Q9Y238,1,17
Q9Y228,1,1
Q9UQF2,1,1
Q9UQ84,1,1
Q9UQ52,1,2
Q9UQ35,1,1
Q9UQ35,1,1
Q9UQ35,1,1
Q9UPY3,1,2
Q9UPW5,1,4
Q9UPU5,1,6
Q9UPU5,1,6
Q9UPT5,1,1
Q9UPQ9,1,2
Q9UPP2,1,7
Q9UPP1,1,2
Q9UPM6,1,3
Q9UPA5,1,1
Q9UPA5,1,1
Q9UNN5,1,1
Q9UNK9,1,1
Q9UNE7,1,1
Q9UMR3,1,1
Q9ULU8,1,1
Q9ULU8,1,1
Q9ULU8,1,1
Q9ULT0,1,2
Q9ULL8,1,1
Q9ULL0,1,2
Q9ULL0,1,2
Q9ULH7,1,1
Q9ULE3,1,1
Q9ULD0,1,1
Q9ULC6,1,5
Q9ULA0,1,1
Q9UL36,1,1
Q9UKZ4,1,1
Q9UKY7,1,3
Q9UKN7,1,1
Q9UKN1,1,2
Q9UKI9,1,1
Q9UKI2,1,3
Q9UKG1,1,1
Q9UKB5,1,2
Q9UJW2,1,1
Q9UJ41,1,4
Q9UIW0,1,1
Q9UIW0,1,1
Q9UIB8,1,2
Q9UI40,1,1
Q9UHV7,1,1
Q9UHV5,1,1
Q9UHL4,1,2
Q9UGI6,1,4
Q9UBS5,1,2
Q9UBS0,1,8
Q9UBG0,1,1
Q9UBC0,1,1
Q9P2V4,1,1
Q9P2H5,1,1
Q9P2F8,1,2
Q9P2D8,1,3
Q9P2D1,1,1
Q9P2D1,1,1
Q9P260,1,3
Q9P260,1,3
Q9P225,1,7
Q9P212,1,2
Q9P206,1,1
Q9P0L0,1,1
Q9P035,1,2
Q9NZU7,1,1
Q9NZR2,1,1
Q9NZR2,1,1
Q9NZQ7,1,2
Q9NZH0,1,1
Q9NZ53,1,1
Q9NZ08,1,2
Q9NYY8,1,1
Q9NYV7,1,1
Q9NYV6,1,1
Q9NYQ7,1,1
Q9NYQ6,1,1
Q9NYK1,1,1
Q9NYJ8,1,6
Q9NYF0,1,1
Q9NY91,1,1
Q9NXG6,1,1
Q9NWT8,1,7
Q9NWR8,1,1
Q9NVX2,1,2
Q9NVX0,1,1
Q9NUQ6,1,2
Q9NUI1,1,1
Q9NUA8,1,2
Q9NU39,1,1
Q9NU39,1,1
Q9NT99,1,1
Q9NSC7,1,7
Q9NSC7,1,7
Q9NSC5,1,1
Q9NS40,1,1
Q9NR99,1,1
Q9NR80,1,7
Q9NR48,1,3
Q9NR09,1,1
Q9NR09,1,1
Q9NR09,1,1
Q9NQW7,1,4
Q9NQW5,1,2
Q9NQW1,1,3
Q9NQ76,1,1
Q9HCM4,1,4
Q9HCM3,1,4
Q9HCE9,1,1
Q9HCE0,1,1
Q9HCB6,1,3
Q9HC84,1,1
Q9HC84,1,1
Q9HC84,1,1
Q9HC84,1,1
Q9HC84,1,1
Q9HC52,1,1
Q9HBL0,1,1
Q9HBG7,1,1
Q9HAW0,1,1
Q9HAS3,1,1
Q9H9Y6,1,5
Q9H9P5,1,1
Q9H9A7,1,1
Q9H910,1,1
Q9H8S5,1,2
Q9H7U1,1,1
Q9H7F0,1,1
Q9H6P5,1,3
Q9H4S2,1,1
Q9H4Q3,1,1
Q9H4L5,1,5
Q9H4I0,1,23
Q9H4B8,1,1
Q9H4B6,1,1
Q9H4A9,1,1
Q9H3M9,1,3
Q9H347,1,1
Q9H2P9,1,1
Q9H2E6,1,1
Q9H2D6,1,1
Q9H270,1,2
Q9H251,1,1
Q9H227,1,5
Q9H1D0,1,2
Q9H1A4,1,1
Q9H159,1,1
Q9H0F6,1,1
Q9H0E9,1,3
Q9H040,1,1
Q9GZQ6,1,1
Q9C0J8,1,5
Q9C0G6,1,1
Q9C0G6,1,1
Q9C0G6,1,1
Q9C0F0,1,2
Q9C0C2,1,1
Q9C0B2,1,1
Q9C0A6,1,9
Q9C0A1,1,1
Q9BZE3,1,2
Q9BZD2,1,1
Q9BZ71,1,1
Q9BZ29,1,3
Q9BYV6,1,1
Q9BYV6,1,1
Q9BYR7,1,1
Q9BYH1,1,1
Q9BYG8,1,2
Q9BYG7,1,2
Q9BY89,1,1
Q9BY66,1,10
Q9BY49,1,1
Q9BXX3,1,1
Q9BXW9,1,1
Q9BXT5,1,1
Q9BXS9,1,6
Q9BXS0,1,6
Q9BXM7,1,1
Q9BXJ3,1,2
Q9BXF6,1,1
Q9BXF3,1,1
Q9BXA9,1,2
Q9BX84,1,1
Q9BVI0,1,3
Q9BUG6,1,1
Q9BU40,1,4
Q9BTN0,1,2
Q9BSE2,1,1
Q9BQS2,1,13
Q99985,1,2
Q99836,1,2
Q99743,1,1
Q99717,1,2
Q99504,1,1
Q99487,1,1
Q99435,1,3
Q99102,1,2
Q99081,1,1
Q99081,1,1
Q96TC7,1,1
Q96TA2,1,1
Q96S82,1,1
Q96S15,1,6
Q96S15,1,6
Q96RY5,1,17
Q96RW7,1,1
Q96RW7,1,1
Q96RW7,1,1
Q96RT8,1,2
Q96RL7,1,2
Q96RA2,1,1
Q96QZ7,1,1
Q96QT6,1,1
Q96Q42,1,1
Q96Q42,1,1
Q96Q05,1,3
Q96PY6,1,1
Q96PS8,1,1
Q96PQ6,1,2
Q96PP9,1,1
Q96P69,1,12
Q96NU0,1,2
Q96NL1,1,1
Q96NH3,1,1
Q96NG5,1,2
Q96N76,1,1
Q96N76,1,1
Q96N76,1,1
Q96N58,1,2
Q96N46,1,1
Q96N28,1,1
Q96N06,1,3
Q96ME7,1,1
Q96MB7,1,4
Q96M86,1,1
Q96M86,1,1
Q96M69,1,1
Q96LB3,1,1
Q96L73,1,2
Q96KW2,1,1
Q96K37,1,2
Q96JY6,1,10
Q96JY6,1,10
Q96JQ0,1,1
Q96JP2,1,6
Q96JK9,1,1
Q96JK9,1,1
Q96JG9,1,1
Q96JC1,1,1
Q96JB1,1,1
Q96ID5,1,2
Q96I99,1,1
Q96G28,1,3
Q96FV0,1,3
Q96EZ8,1,1
Q96EV8,1,1
Q96ER9,1,9
Q96EF6,1,1
Q96DZ5,1,1
Q96DU3,1,1
Q96DR7,1,6
Q96DN6,1,1
Q96DL1,1,1
Q96DH6,1,3
Q96AG3,1,1
Q96A46,1,1
Q969Z4,1,1
Q969V6,1,2
Q969I6,1,1
Q969F2,1,11
Q969F1,1,2
Q93074,1,3
Q93038,1,2
Q92954,1,4
Q92859,1,2
Q92843,1,1
Q92793,1,2
Q92766,1,14
Q92667,1,1
Q92667,1,1
Q92637,1,1
Q92585,1,3
Q92576,1,1
Q92562,1,1
Q92560,1,2
Q92542,1,2
Q92540,1,1
Q92526,1,3
Q92485,1,1
Q8WZ42,1,2
Q8WZ42,1,2
Q8WZ42,1,2
Q8WZ42,1,2
Q8WZ42,1,2
Q8WYP5,1,3
Q8WXK1,1,1
Q8WXI7,1,1
Q8WXI7,1,1
Q8WXI7,1,1
Q8WXI7,1,1
Q8WXI7,1,1
Q8WXI7,1,1
Q8WXI7,1,1
Q8WXI2,1,1
Q8WXG9,1,2
Q8WXE0,1,1
Q8WXA9,1,1
Q8WWQ0,1,1
Q8WWN8,1,1
Q8WWI1,1,1
Q8WWG9,1,1
Q8WVX9,1,2
Q8WVR3,1,1
Q8WU20,1,1
Q8WU20,1,1
Q8WTW3,1,1
Q8TF68,1,1
Q8TF40,1,1
Q8TES7,1,1
Q8TES7,1,1
Q8TEK3,1,1
Q8TE12,1,1
Q8TDQ0,1,2
Q8TDM6,1,1
Q8TDM6,1,1
Q8TDI0,1,2
Q8TDB6,1,2
Q8TDB6,1,2
Q8TD57,1,1
Q8TD55,1,3
Q8TD35,1,1
Q8TD26,1,1
Q8TD26,1,1
Q8TCT7,1,2
Q8TCJ2,1,4
Q8TCJ2,1,4
Q8TC56,1,1
Q8TAX7,1,1
Q8TAQ9,1,1
Q8TAQ2,1,1
Q8NI29,1,1
Q8NI17,1,1
Q8NHL6,1,1
Q8NGS5,1,2
Q8NGB8,1,2
Q8NG68,1,1
Q8NFW9,1,2
Q8NFW1,1,2
Q8NFW1,1,2
Q8NFU7,1,5
Q8NFU3,1,1
Q8NFM7,1,1
Q8NFD5,1,1
Q8NFA0,1,1
Q8NEP3,1,4
Q8NEM7,1,3
Q8NDX5,1,5
Q8NDV7,1,1
Q8NDA2,1,1
Q8NDA2,1,1
Q8ND82,1,1
Q8ND24,1,1
Q8NC60,1,4
Q8NC56,1,1
Q8NC26,1,1
Q8NBT2,1,1
Q8NBM8,1,2
Q8NBF6,1,1
Q8NBF2,1,1
Q8NB46,1,1
Q8NA72,1,1
Q8NA70,1,2
Q8NA19,1,1
Q8N9W5,1,2
Q8N9W5,1,2
Q8N9V7,1,1
Q8N9L9,1,3
Q8N9H8,1,1
Q8N8Z6,1,3
Q8N8Z6,1,3
Q8N878,1,2
Q8N7X4,1,2
Q8N7W2,1,1
Q8N7S6,1,1
Q8N668,1,2
Q8N5U6,1,2
Q8N5U1,1,1
Q8N5T2,1,1
Q8N5S9,1,4
Q8N5R6,1,1
Q8N5D0,1,1
Q8N5C6,1,1
Q8N531,1,1
Q8N4C8,1,1
Q8N4B5,1,1
Q8N490,1,1
Q8N3K9,1,1
Q8N398,1,1
Q8N309,1,1
Q8N228,1,1
Q8N1I0,1,2
Q8N1G0,1,3
Q8N187,1,2
Q8N118,1,2
Q8IZQ1,1,2
Q8IZM9,1,4
Q8IZF7,1,7
Q8IZF6,1,2
Q8IZF6,1,2
Q8IZD9,1,4
Q8IYU2,1,1
Q8IXZ2,1,28
Q8IXT1,1,2
Q8IXR5,1,1
Q8IWT3,1,6
Q8IWR0,1,3
Q8IWN6,1,1
Q8IWK6,1,1
Q8IWD5,1,1
Q8IWB4,1,2
Q8IWA4,1,1
Q8IVF2,1,2
Q8IVF2,1,2
Q86YW5,1,2
Q86YV9,1,1
Q86YV5,1,1
Q86YS7,1,1
Q86YJ6,1,3
Q86Y26,1,2
Q86XZ4,1,1
Q86XS5,1,2
Q86XN7,1,1
Q86XN7,1,1
Q86XE5,1,2
Q86XE5,1,2
Q86X95,1,1
Q86WZ0,1,2
Q86WZ0,1,2
Q86WT6,1,4
Q86WI3,1,8
Q86W33,1,1
Q86VF2,1,2
Q86VF2,1,2
Q86UU5,1,3
Q86UU5,1,3
Q86UU0,1,1
Q86UU0,1,1
Q86UK0,1,1
Q86UG4,1,1
Q86U44,1,2
Q86U37,1,1
Q86T82,1,1
Q86T03,1,1
Q86T03,1,1
Q86SU0,1,2
Q86SG6,1,2
Q7Z6P3,1,1
Q7Z5P9,1,6
Q7Z5P9,1,6
Q7Z5P9,1,6
Q7Z5P9,1,6
Q7Z5P9,1,6
Q7Z5P9,1,6
Q7Z5P9,1,6
Q7Z5P9,1,6
Q7Z5P9,1,6
Q7Z5P9,1,6
Q7Z5P9,1,6
Q7Z5N4,1,2
Q7Z5K2,1,1
Q7Z589,1,1
Q7Z569,1,4
Q7Z569,1,4
Q7Z429,1,2
Q7Z407,1,1
Q7Z407,1,1
Q7Z406,1,1
Q7Z403,1,3
Q7Z3U7,1,1
Q7Z3S7,1,4
Q7Z3K3,1,1
Q7Z3E2,1,1
Q7Z353,1,1
Q7Z333,1,1
Q7Z2W4,1,4
Q7RTP6,1,1
Q7RTN6,1,4
Q7LBC6,1,6
Q7L8J4,1,4
Q7L5A8,1,2
Q7L592,1,1
Q7L2K0,1,3
Q7L0X2,1,1
Q7KZF4,1,1
Q76NI1,1,19
Q71F56,1,1
Q71F56,1,1
Q70Z44,1,1
Q70J99,1,5
Q70EL1,1,1
Q70EL1,1,1
Q6ZVL6,1,5
Q6ZV70,1,1
Q6ZUK4,1,3
Q6ZT62,1,2
Q6ZS81,1,2
Q6ZS81,1,2
Q6ZS02,1,8
Q6ZRI6,1,1
Q6ZR03,1,1
Q6ZP65,1,1
Q6ZNJ1,1,1
Q6ZN66,1,2
Q6ZN18,1,3
Q6ZN18,1,3
Q6ZMW3,1,2
Q6ZMV5,1,1
Q6ZMM2,1,3
Q6XQN6,1,2
Q6WRI0,1,3
Q6V0I7,1,3
Q6V0I7,1,3
Q6UXH9,1,1
Q6UWW8,1,1
Q6UW02,1,1
Q6UUV9,1,8
Q6T311,1,2
Q6QHF9,1,1
Q6QEF8,1,1
Q6PP77,1,1
Q6PKC3,1,1
Q6PJG2,1,2
Q6PGQ7,1,1
Q6PCE3,1,3
Q6P9F0,1,1
Q6P575,1,1
Q6P461,1,1
Q6P3S6,1,1
Q6P1X5,1,1
Q6P1R3,1,1
Q6P158,1,4
Q6NUM6,1,1
Q6NS38,1,2
Q6N021,1,1
Q6BDS2,1,10
Q69YU3,1,1
Q68DN1,1,5
Q68DH5,1,1
Q68DA7,1,2
Q68D85,1,1
Q685J3,1,7
Q685J3,1,7
Q66K74,1,3
Q659A1,1,2
Q641Q3,1,1
Q63HR2,1,1
Q63HQ2,1,1
Q63HQ2,1,1
Q63HQ2,1,1
Q63HQ2,1,1
Q5VZ89,1,1
Q5VYV0,1,1
Q5VWW1,1,1
Q5VWW1,1,1
Q5VU97,1,2
Q5VU43,1,1
Q5TIA1,1,4
Q5TGY1,1,1
Q5TGY1,1,1
Q5TGL8,1,2
Q5TF21,1,1
Q5TF21,1,1
Q5TCY1,1,1
Q5TC79,1,1
Q5TAT6,1,1
Q5TAT6,1,1
Q5TAQ9,1,1
Q5T7N2,1,9
Q5T7M4,1,2
Q5T6F2,1,1
Q5T5Y3,1,2
Q5T5P2,1,1
Q5T4F4,1,1
Q5T481,1,1
Q5T2D2,1,3
Q5T1M5,1,1
Q5T0W9,1,4
Q5SYE7,1,5
Q5SYE7,1,5
Q5SSG8,1,2
Q5SRE5,1,1
Q5SR56,1,1
Q5SNV9,1,5
Q5K4L6,1,2
Q5JWR5,1,2
Q5JV73,1,1
Q5JV73,1,1
Q5JRX3,1,1
Q5JPB2,1,3
Q5HYC2,1,3
Q5HY92,1,1
Q5H8C1,1,1
Q5H8C1,1,1
Q5GLZ8,1,2
Q5FWF5,1,1
Q5BKX5,1,4
Q53GT1,1,1
Q53GQ0,1,2
Q53G59,1,1
Q53ET0,1,1
Q53EQ6,1,1
Q53EL9,1,1
Q52MB2,1,2
Q4ZG55,1,23
Q4ZG55,1,23
Q4KMQ1,1,4
Q4G0U5,1,1
Q4G0U5,1,1
Q4G0T1,1,8
Q4G0P3,1,37
Q4G0P3,1,37
Q4G0P3,1,37
Q4G0P3,1,37
Q49AJ0,1,1
Q460N3,1,2
Q3ZLR7,1,1
Q3MJ13,1,1
Q3MIN7,1,3
Q3MIN7,1,3
Q32M45,1,1
Q2Y0W8,1,1
Q2WGN9,1,1
Q2WGJ6,1,5
Q2V2M9,1,6
Q2V2M9,1,6
Q2T9K0,1,3
Q2NL67,1,1
Q2M5E4,1,1
Q2M3M2,1,1
Q2LD37,1,1
Q29980,1,4
Q1XH10,1,1
Q1MSJ5,1,1
Q18PE1,1,1
Q17RD7,1,1
Q17RD7,1,1
Q17R89,1,2
Q16799,1,2
Q16799,1,2
Q16775,1,3
Q16769,1,1
Q16674,1,5
Q16650,1,1
Q16348,1,1
Q15878,1,1
Q15772,1,2
Q15751,1,1
Q15751,1,1
Q15672,1,1
Q15645,1,1
Q15645,1,1
Q15596,1,3
Q15596,1,3
Q15545,1,1
Q15542,1,1
Q15477,1,2
Q15437,1,1
Q15413,1,2
Q15413,1,2
Q15365,1,1
Q15154,1,1
Q15043,1,2
Q15031,1,1
Q14CM0,1,1
Q14993,1,1
Q14980,1,2
Q14940,1,1
Q14703,1,2
Q14703,1,2
Q14686,1,1
Q14686,1,1
Q14669,1,4
Q14644,1,1
Q14571,1,2
Q14524,1,6
Q14517,1,7
Q14517,1,7
Q14315,1,18
Q14161,1,1
Q14154,1,3
Q14118,1,1
Q14112,1,1
Q14031,1,1
Q14031,1,1
Q14031,1,1
Q14002,1,1
Q13905,1,1
Q13813,1,1
Q13769,1,7
Q13751,1,2
Q13635,1,1
Q13618,1,1
Q13547,1,1
Q13516,1,2
Q13515,1,1
Q13506,1,1
Q13501,1,2
Q13495,1,1
Q13433,1,1
Q13370,1,1
Q13325,1,3
Q13233,1,1
Q13233,1,1
Q13224,1,2
Q13214,1,1
Q13201,1,12
Q13200,1,2
Q13156,1,3
Q13137,1,1
Q13131,1,1
Q13127,1,3
Q13106,1,1
Q13093,1,1
Q13043,1,1
Q13011,1,1
Q12968,1,4
Q12968,1,4
Q12955,1,1
Q12955,1,1
Q12946,1,1
Q12906,1,1
Q12889,1,2
Q12888,1,1
Q12884,1,1
Q12829,1,3
Q12809,1,1
Q11203,1,1
Q0P641,1,1
Q0D2K2,1,3
Q09472,1,1
Q08AE8,1,3
Q08209,1,10
Q08209,1,10
Q07890,1,2
Q07092,1,1
Q06609,1,3
Q05932,1,1
Q05707,1,3
Q05397,1,1
Q03431,1,1
Q02930,1,25
Q02846,1,1
Q02817,1,2
Q02505,1,1
Q02413,1,2
Q02413,1,2
Q02383,1,1
Q02297,1,2
Q02078,1,1
Q01974,1,1
Q01968,1,1
Q01668,1,1
Q01543,1,1
Q01518,1,2
Q01082,1,4
Q00887,1,1
Q00722,1,2
Q00013,1,1
P98196,1,8
P98172,1,7
P98088,1,7
P98088,1,7
P98088,1,7
P98088,1,7
P84550,1,1
P81877,1,2
P78524,1,1
P78509,1,1
P78509,1,1
P78347,1,1
P63145,1,2
P63119,1,1
P62879,1,2
P61587,1,1
P61225,1,2
P59510,1,3
P57737,1,1
P56645,1,3
P56545,1,1
P56270,1,1
P55344,1,5
P55268,1,1
P55198,1,1
P55198,1,1
P55197,1,3
P55017,1,5
P55011,1,1
P54753,1,1
P54707,1,4
P54577,1,2
P54315,1,1
P54253,1,1
P54252,1,1
P53814,1,1
P53618,1,2
P53420,1,1
P53396,1,1
P52948,1,1
P52798,1,3
P52746,1,1
P52333,1,2
P52333,1,2
P52292,1,2
P52179,1,2
P51991,1,1
P51991,1,1
P51659,1,1
P51570,1,2
P50991,1,1
P50851,1,2
P50851,1,2
P50748,1,1
P50747,1,3
P50502,1,2
P49841,1,3
P49685,1,4
P49589,1,1
P49588,1,4
P49247,1,1
P49137,1,1
P48200,1,1
P48165,1,2
P46934,1,6
P42768,1,1
P42765,1,6
P42679,1,1
P41231,1,1
P41002,1,1
P40238,1,1
P40238,1,1
P36268,1,1
P35568,1,3
P35367,1,1
P34932,1,4
P33993,1,1
P33992,1,9
P33241,1,1
P33240,1,1
P33240,1,1
P33121,1,3
P33076,1,1
P32243,1,2
P32004,1,1
P31639,1,1
P31277,1,2
P31274,1,2
P30793,1,1
P30531,1,1
P30499,1,1
P29558,1,3
P28336,1,5
P28332,1,1
P28223,1,1
P28072,1,1
P27816,1,1
P27816,1,1
P27816,1,1
P27449,1,2
P26010,1,3
P26006,1,1
P26006,1,1
P25067,1,1
P23471,1,4
P23443,1,1
P23443,1,1
P23368,1,1
P23193,1,1
P22891,1,6
P21941,1,1
P21675,1,1
P21359,1,1
P21359,1,1
P21333,1,1
P21333,1,1
P21108,1,1
P20929,1,1
P20851,1,1
P20618,1,2
P19971,1,1
P19827,1,2
P19827,1,2
P19823,1,1
P19634,1,1
P19256,1,1
P18887,1,4
P18433,1,1
P18405,1,1
P18146,1,1
P17858,1,1
P17066,1,1
P17024,1,1
P16930,1,3
P16471,1,2
P16415,1,1
P16150,1,1
P16112,1,1
P15814,1,8
P15498,1,3
P15498,1,3
P15408,1,7
P14678,1,1
P14652,1,11
P14543,1,1
P13798,1,1
P13611,1,1
P13521,1,1
P12271,1,2
P12107,1,6
P12107,1,6
P12107,1,6
P11717,1,1
P11717,1,1
P11177,1,1
P10515,1,1
P10242,1,1
P10070,1,1
P0DPD8,1,4
P0DMQ5,1,3
P0C864,1,9
P0C864,1,9
P09912,1,1
P09622,1,1
P08887,1,3
P08697,1,1
P08476,1,1
P08047,1,3
P07197,1,1
P07101,1,1
P06241,1,1
P06213,1,1
P06127,1,1
P05997,1,1
P05546,1,2
P05186,1,2
P04632,1,1
P04114,1,1
P04004,1,1
P03905,1,1
P03372,1,2
P02462,1,1
P02452,1,1
P02452,1,1
P02452,1,1
P01871,1,15
P01861,1,1
P01861,1,1
P01861,1,1
P01860,1,1
P01860,1,1
P01857,1,6
P01857,1,6
P01857,1,6
P01857,1,6
P01857,1,6
P01857,1,6
P01857,1,6
P01857,1,6
P01133,1,2
O95996,1,2
O95996,1,2
O95970,1,1
O95931,1,2
O95835,1,2
O95819,1,1
O95801,1,1
O95789,1,1
O95785,1,2
O95490,1,1
O95487,1,2
O95484,1,1
O95255,1,1
O95206,1,2
O95180,1,2
O95081,1,1
O94989,1,2
O94979,1,1
O94923,1,1
O94900,1,2
O94887,1,1
O94856,1,1
O94856,1,1
O94856,1,1
O94817,1,2
O94762,1,2
O75976,1,2
O75970,1,1
O75970,1,1
O75962,1,1
O75791,1,2
O75747,1,12
O75689,1,1
O75677,1,3
O75592,1,2
O75592,1,2
O75578,1,1
O75534,1,2
O75417,1,1
O75388,1,3
O75376,1,1
O75179,1,2
O75179,1,2
O75167,1,2
O75155,1,6
O75140,1,1
O75116,1,14
O75096,1,1
O75037,1,1
O60936,1,1
O60880,1,1
O60840,1,6
O60825,1,1
O60741,1,2
O60504,1,1
O60469,1,1
O60353,1,1
O60318,1,2
O60292,1,1
O60271,1,12
O60266,1,2
O43918,1,1
O43896,1,1
O43847,1,2
O43795,1,1
O43736,1,2
O43709,1,1
O43586,1,1
O43524,1,2
O43516,1,2
O43502,1,23
O43432,1,2
O43432,1,2
O43432,1,2
O43283,1,2
O43237,1,2
O15529,1,2
O15446,1,1
O15440,1,1
O15438,1,1
O15375,1,1
O15360,1,1
O15304,1,1
O15296,1,3
O15265,1,36
O15165,1,2
O15164,1,2
O15085,1,1
O15085,1,1
O15083,1,1
O15068,1,1
O15055,1,3
O15014,1,6
O14775,1,2
O14686,1,1
O14654,1,31
O14654,1,31
O14559,1,4
O14559,1,4
O14556,1,1
O14514,1,1
O14497,1,2
O14497,1,2
O00592,1,1
O00401,1,1
O00268,1,3
E9PAV3,1,7
C9JLR9,1,3
C9JLR9,1,3
C9JH25,1,1
B1AK53,1,1
A8MVX0,1,18
A8MTL9,1,1
A8MPP1,1,3
A8K0Z3,1,1
A7E2Y1,1,1
A7E2V4,1,1
A6NNC1,1,1
A6NMB1,1,1
A6NKX4,1,1
A6NJ46,1,1
A6NI73,1,3
A6NI03,1,3
A6NGB9,1,1
A6NF01,1,1
A6NE01,1,1
A6NC97,1,1
A5PLN7,1,1
A2VDJ0,1,2
A2VDJ0,1,2
A2RUB1,1,2
A1A4S6,1,1
A0PJK1,1,2
A0A1B0GUY1,1,1
A0A0U1RQS6,1,1
A0A0C4DH32,1,1
A0A0B4J2E0,1,4
A0A0A0MT36,1,2
Q9Y6Y1,0,10
Q9Y6I3,0,2
Q9Y6A1,0,1
Q9Y5Z7,0,1
Q9Y573,0,1
Q9Y490,0,1
Q9Y3Q4,0,6
Q9Y3M8,0,1
Q9Y3M8,0,1
Q9Y3F4,0,2
Q9Y3A4,0,1
Q9Y2W6,0,2
Q9Y2G2,0,1
Q9Y285,0,1
Q9UPW6,0,1
Q9UPQ7,0,2
Q9UPN3,0,1
Q9UNY4,0,1
Q9UN70,0,1
Q9UMZ3,0,1
Q9UMS5,0,4
Q9UM11,0,11
Q9ULW5,0,4
Q9ULE4,0,17
Q9UKN5,0,1
Q9UK17,0,1
Q9UJY4,0,3
Q9UJT2,0,1
Q9UHQ1,0,3
Q9UH90,0,4
Q9UFW8,0,1
Q9UDR5,0,1
Q9P2T1,0,1
Q9P2T1,0,1
Q9P242,0,1
Q9P121,0,3
Q9P0V3,0,1
Q9P0U3,0,1
Q9NZL6,0,2
Q9NYU1,0,2
Q9NYL5,0,1
Q9NYF5,0,1
Q9NYA1,0,3
Q9NXZ1,0,1
Q9NXR5,0,13
Q9NXK8,0,2
Q9NX05,0,1
Q9NWS0,0,1
Q9NWF9,0,1
Q9NVV4,0,1
Q9NRM1,0,4
Q9NPC3,0,1
Q9NPA2,0,1
Q9HCJ0,0,1
Q9HCH3,0,1
Q9HCE3,0,1
Q9HBT6,0,1
Q9HBR0,0,1
Q9HBR0,0,1
Q9HBB8,0,5
Q9HB89,0,1
Q9HAH1,0,1
Q9H8E8,0,3
Q9H6A9,0,1
Q9H694,0,1
Q9H3P7,0,2
Q9H2X0,0,1
Q9H1V8,0,1
Q9C0F1,0,1
Q9C0D5,0,1
Q9C0C7,0,1
Q9C091,0,1
Q9BZV3,0,1
Q9BXT6,0,1
Q9BWW7,0,1
Q9BWG4,0,2
Q9BRJ7,0,1
Q9BR11,0,1
Q9BQL6,0,2
Q9BQ24,0,1
Q9BPU6,0,3
Q99952,0,1
Q96T83,0,1
Q96SB3,0,2
Q96S52,0,1
Q96RY7,0,6
Q96Q06,0,9
Q96Q06,0,9
Q96PX1,0,4
Q96P48,0,1
Q96LX7,0,3
Q96LW7,0,1
Q96LA6,0,1
Q96J01,0,1
Q96HR3,0,2
Q96HE9,0,21
Q96GM5,0,1
Q96DT5,0,10
Q96DT5,0,10
Q96CX6,0,2
Q96B54,0,1
Q96B49,0,1
Q96AT9,0,4
Q96AC1,0,1
Q969S9,0,1
Q92925,0,1
Q92911,0,1
Q92879,0,3
Q92618,0,1
Q8WXH0,0,1
Q8WXF1,0,1
Q8WXD9,0,1
Q8WWP7,0,1
Q8WUY3,0,7
Q8WUM4,0,3
Q8TE77,0,1
Q8TDX5,0,1
Q8TD84,0,1
Q8TAT2,0,2
Q8NHY3,0,1
Q8NG97,0,1
Q8NG31,0,1
Q8NFY4,0,2
Q8NF91,0,1
Q8NDZ2,0,2
Q8NDF8,0,3
Q8NCM8,0,13
Q8NCM8,0,13
Q8NBP7,0,1
Q8NB90,0,2
Q8NB78,0,2
Q8N8E1,0,3
Q8N8B7,0,1
Q8N7X0,0,1
Q8N7I0,0,1
Q8N6U8,0,1
Q8N6T0,0,2
Q8N6G6,0,2
Q8N693,0,1
Q8N1P7,0,1
Q8N1N0,0,5
Q8N136,0,1
Q8IZU8,0,1
Q8IZQ8,0,1
Q8IZL2,0,1
Q8IZJ3,0,1
Q8IZC6,0,6
Q8IZC6,0,6
Q8IY85,0,2
Q8IXS0,0,1
Q8IXF0,0,1
Q8IX90,0,1
Q8IWZ3,0,1
Q8IWI9,0,2
Q8IV53,0,1
Q8IUS5,0,1
Q8IUH8,0,1
Q8IUC4,0,2
Q86XU0,0,3
Q86WI1,0,1
Q86TY3,0,1
Q86SJ6,0,4
Q7Z7M0,0,1
Q7Z6Z6,0,1
Q7Z5L9,0,1
Q7Z4R8,0,5
Q7Z442,0,1
Q7Z3Z4,0,1
Q7Z2D5,0,1
Q7RTX7,0,1
Q7RTX1,0,2
Q7L2E3,0,1
Q76LX8,0,1
Q76KD6,0,1
Q765P7,0,1
Q6ZWH5,0,1
Q6ZV73,0,4
Q6ZMT9,0,2
Q6YHU6,0,1
Q6XUX3,0,1
Q6XUX3,0,1
Q6UUV7,0,2
Q6R2W3,0,1
Q6QNY1,0,1
Q6PJ21,0,7
Q6PID8,0,1
Q6PI77,0,1
Q6P3X3,0,1
Q6NUI6,0,1
Q6NUI2,0,1
Q6NT55,0,1
Q6IEE8,0,1
Q69YN2,0,1
Q695T7,0,2
Q68DX3,0,1
Q68CR1,0,1
Q5XUX1,0,1
Q5VZL5,0,4
Q5VYS8,0,7
Q5VV43,0,1
Q5VTT5,0,1
Q5VTM2,0,1
Q5VTD9,0,1
Q5VT25,0,1
Q5UIP0,0,1
Q5TAG4,0,1
Q5T9S5,0,1
Q5T686,0,8
Q5T011,0,1
Q5SZJ8,0,1
Q5SZJ8,0,1
Q5SXM2,0,1
Q5SQN1,0,1
Q5RHP9,0,1
Q5JZY3,0,1
Q5JY77,0,1
Q5JU69,0,1
Q5H9F3,0,1
Q5C9Z4,0,2
Q58HT5,0,1
Q53GL7,0,1
Q4VNC1,0,6
Q4AC94,0,2
Q49MG5,0,12
Q49A26,0,1
Q3KP31,0,1
Q2VPA4,0,1
Q2M3G4,0,3
Q2M238,0,3
Q27J81,0,1
Q16585,0,1
Q16534,0,1
Q15782,0,1
Q15678,0,1
Q15678,0,1
Q15283,0,1
Q15274,0,1
Q15233,0,1
Q15124,0,2
Q14997,0,1
Q14558,0,1
Q14549,0,3
Q14190,0,2
Q14157,0,5
Q14103,0,2
Q13627,0,1
Q13535,0,2
Q13474,0,33
Q13424,0,5
Q13263,0,2
Q13057,0,2
Q0VG99,0,1
Q08380,0,3
Q06520,0,1
Q05682,0,3
Q05516,0,1
Q04726,0,1
Q03001,0,1
Q01955,0,3
Q01844,0,9
Q01844,0,9
Q01844,0,9
Q01844,0,9
Q01844,0,9
Q01484,0,1
Q00325,0,2
P82094,0,1
P78536,0,1
P78508,0,1
P78413,0,2
P69905,0,26
P69891,0,8
P69891,0,8
P68871,0,2
P68871,0,2
P68871,0,2
P60709,0,4
P57796,0,1
P57103,0,1
P56704,0,1
P55851,0,1
P55061,0,1
P53990,0,4
P53985,0,1
P53708,0,1
P53609,0,2
P52756,0,1
P52701,0,1
P51787,0,3
P51610,0,1
P51587,0,1
P51178,0,1
P49821,0,2
P49366,0,3
P48741,0,1
P48741,0,1
P48741,0,1
P48681,0,1
P48380,0,1
P48048,0,2
P46939,0,1
P46379,0,1
P46059,0,1
P46020,0,3
P42263,0,1
P41220,0,1
P41212,0,1
P39880,0,2
P38398,0,1
P36956,0,2
P35658,0,1
P35626,0,1
P35523,0,1
P35228,0,2
P35125,0,1
P33151,0,1
P31327,0,1
P31040,0,1
P30459,0,2
P30039,0,1
P26715,0,18
P26038,0,2
P24386,0,1
P23634,0,1
P23528,0,2
P22676,0,1
P22314,0,1
P22307,0,1
P21281,0,1
P20849,0,1
P19793,0,1
P16278,0,4
P15692,0,2
P13995,0,1
P13051,0,1
P12259,0,3
P11021,0,1
P10588,0,1
P10243,0,1
P0DPH8,0,3
P0DMV8,0,6
P0DMV8,0,6
P0DJG4,0,1
P0CG40,0,1
P0C671,0,1
P09104,0,1
P08574,0,2
P08572,0,1
P08311,0,5
P08254,0,1
P08174,0,1
P08069,0,1
P07900,0,1
P06401,0,1
P06312,0,44
P06312,0,44
P04406,0,1
P04233,0,1
P02788,0,1
P02461,0,5
P02458,0,1
P02458,0,1
P01859,0,1
P00736,0,1
O95954,0,1
O95834,0,2
O95758,0,1
O95258,0,4
O95239,0,1
O95049,0,1
O94983,0,1
O94875,0,1
O94829,0,2
O94806,0,1
O75891,0,1
O75694,0,1
O75553,0,4
O75443,0,2
O75363,0,2
O75145,0,2
O75112,0,2
O75094,0,1
O60884,0,1
O60502,0,11
O60447,0,2
O60393,0,4
O60346,0,1
O60343,0,1
O60341,0,2
O60312,0,1
O60285,0,2
O60242,0,1
O43822,0,2
O43670,0,14
O43670,0,14
O43439,0,3
O43424,0,1
O15442,0,1
O15417,0,1
O15056,0,3
O14976,0,1
O14966,0,1
O14791,0,1
O14682,0,1
O00499,0,4
O00470,0,1
O00443,0,3
O00222,0,1
B4DJY2,0,1
B1ANY3,0,3
A6H8Y1,0,1
A6H8Y1,0,1
A4D2H0,0,1
A4D0V7,0,5
A2AJT9,0,2
A0A286YF58,0,1
A0A1B0GVZ6,0,2
A0A0C4DH72,0,5
A0A075B6R2,0,5
Q5XUX1,0,1
Q96DT5,0,1
